code,tradeStatus,code_name
sh.600004,1,白云机场
sh.600007,1,中国国贸
sh.600009,1,上海机场
sh.600011,1,华能国际
sh.600015,1,华夏银行
sh.600017,1,日照港
sh.600019,1,宝钢股份
sh.600021,1,上海电力
sh.600023,1,浙能电力
sh.600026,1,中远海能
sh.600028,1,中国石化
sh.600030,1,中信证券
sh.600032,1,浙江新能
sh.600035,1,楚天高速
sh.600037,1,歌华有线
sh.600039,1,四川路桥
sh.600050,1,中国联通
sh.600052,1,东望时代
sh.600054,1,黄山旅游
sh.600056,1,中国医药
sh.600058,1,五矿发展
sh.600060,1,海信视像
sh.600062,1,华润双鹤
sh.600064,1,南京高科
sh.600067,1,冠城大通
sh.600071,1,凤凰光学
sh.600073,1,上海梅林
sh.600076,1,康欣新材
sh.600078,1,*ST澄星
sh.600080,1,金花股份
sh.600082,1,海泰发展
sh.600084,1,中葡股份
sh.600088,1,中视传媒
sh.600094,1,大名城
sh.600096,1,云天化
sh.600098,1,广州发展
sh.600100,1,同方股份
sh.600103,1,青山纸业
sh.600105,1,永鼎股份
sh.600107,1,美尔雅
sh.600109,1,国金证券
sh.600111,1,北方稀土
sh.600113,1,浙江东日
sh.600115,1,中国东航
sh.600117,1,西宁特钢
sh.600119,1,长江投资
sh.600121,1,郑州煤电
sh.600123,1,兰花科创
sh.600126,1,杭钢股份
sh.600128,1,弘业股份
sh.600130,1,波导股份
sh.600132,1,重庆啤酒
sh.600135,1,乐凯胶片
sh.600137,1,浪莎股份
sh.600139,1,*ST西源
sh.600143,1,金发科技
sh.600149,1,廊坊发展
sh.600151,1,航天机电
sh.600153,1,建发股份
sh.600156,1,华升股份
sh.600158,1,中体产业
sh.600160,1,巨化股份
sh.600162,1,香江控股
sh.600165,1,新日恒力
sh.600167,1,联美控股
sh.600169,1,太原重工
sh.600171,1,上海贝岭
sh.600173,1,卧龙地产
sh.600177,1,雅戈尔
sh.600179,1,安通控股
sh.600182,1,S*ST佳通
sh.600184,1,光电股份
sh.600186,1,莲花健康
sh.600188,1,兖矿能源
sh.600190,1,锦州港
sh.600192,1,长城电工
sh.600195,1,中牧股份
sh.600197,1,伊力特
sh.600199,1,金种子酒
sh.600201,1,生物股份
sh.600203,1,福日电子
sh.600207,1,安彩高科
sh.600210,1,紫江企业
sh.600212,1,江泉实业
sh.600215,1,派斯林
sh.600217,1,中再资环
sh.600219,1,南山铝业
sh.600221,1,ST海航
sh.600223,1,鲁商发展
sh.600226,1,ST瀚叶
sh.600228,1,返利科技
sh.600230,1,沧州大化
sh.600232,1,金鹰股份
sh.600234,1,科新发展
sh.600236,1,桂冠电力
sh.600238,1,海南椰岛
sh.600241,1,ST时万
sh.600243,1,青海华鼎
sh.600248,1,陕西建工
sh.600250,1,南纺股份
sh.600252,1,中恒集团
sh.600256,1,广汇能源
sh.600258,1,首旅酒店
sh.600260,1,*ST凯乐
sh.600262,1,北方股份
sh.600266,1,城建发展
sh.600268,1,国电南自
sh.600271,1,航天信息
sh.600273,1,嘉化能源
sh.600277,1,亿利洁能
sh.600279,1,重庆港
sh.600281,1,华阳新材
sh.600283,1,钱江水利
sh.600285,1,羚锐制药
sh.600288,1,大恒科技
sh.600290,1,ST华仪
sh.600293,1,三峡新材
sh.600297,1,广汇汽车
sh.600299,1,安迪苏
sh.600301,1,南化股份
sh.600303,1,ST曙光
sh.600306,1,ST商城
sh.600308,1,华泰股份
sh.600310,1,桂东电力
sh.600312,1,平高电气
sh.600315,1,上海家化
sh.600318,1,新力金融
sh.600320,1,振华重工
sh.600322,1,天房发展
sh.600325,1,华发股份
sh.600327,1,大东方
sh.600329,1,达仁堂
sh.600331,1,宏达股份
sh.600333,1,长春燃气
sh.600336,1,澳柯玛
sh.600338,1,西藏珠峰
sh.600340,1,华夏幸福
sh.600345,1,长江通信
sh.600348,1,华阳股份
sh.600351,1,亚宝药业
sh.600353,1,旭光电子
sh.600355,1,精伦电子
sh.600358,1,国旅联合
sh.600360,1,华微电子
sh.600362,1,江西铜业
sh.600365,1,ST通葡
sh.600367,1,红星发展
sh.600369,1,西南证券
sh.600371,1,万向德农
sh.600373,1,中文传媒
sh.600376,1,首开股份
sh.600378,1,昊华科技
sh.600380,1,健康元
sh.600382,1,ST广珠
sh.600386,1,北巴传媒
sh.600388,1,ST龙净
sh.600390,1,五矿资本
sh.600392,1,盛和资源
sh.600395,1,盘江股份
sh.600397,1,安源煤业
sh.600399,1,抚顺特钢
sh.600403,1,大有能源
sh.600406,1,国电南瑞
sh.600409,1,三友化工
sh.600415,1,小商品城
sh.600418,1,江淮汽车
sh.600420,1,国药现代
sh.600422,1,昆药集团
sh.600425,1,青松建化
sh.600428,1,中远海特
sh.600433,1,冠豪高新
sh.600436,1,片仔癀
sh.600439,1,瑞贝卡
sh.600446,1,金证股份
sh.600449,1,宁夏建材
sh.600455,1,博通股份
sh.600458,1,时代新材
sh.600460,1,士兰微
sh.600462,1,ST九有
sh.600466,1,蓝光发展
sh.600468,1,百利电气
sh.600470,1,六国化工
sh.600476,1,湘邮科技
sh.600478,1,科力远
sh.600480,1,凌云股份
sh.600482,1,中国动力
sh.600486,1,扬农化工
sh.600488,1,天药股份
sh.600490,1,鹏欣资源
sh.600493,1,凤竹纺织
sh.600496,1,精工钢构
sh.600498,1,烽火通信
sh.600500,1,中化国际
sh.600502,1,安徽建工
sh.600505,1,西昌电力
sh.600507,1,方大特钢
sh.600509,1,天富能源
sh.600511,1,国药股份
sh.600513,1,联环药业
sh.600516,1,方大炭素
sh.600518,1,ST康美
sh.600520,1,文一科技
sh.600522,1,中天科技
sh.600525,1,长园集团
sh.600527,1,江南高纤
sh.600529,1,山东药玻
sh.600531,1,豫光金铅
sh.600533,1,栖霞建设
sh.600536,1,中国软件
sh.600538,1,国发股份
sh.600540,1,新赛股份
sh.600545,1,卓郎智能
sh.600547,1,山东黄金
sh.600549,1,厦门钨业
sh.600551,1,时代出版
sh.600556,1,天下秀
sh.600558,1,大西洋
sh.600560,1,金自天正
sh.600562,1,国睿科技
sh.600565,1,迪马股份
sh.600567,1,山鹰国际
sh.600569,1,安阳钢铁
sh.600571,1,信雅达
sh.600573,1,惠泉啤酒
sh.600576,1,祥源文化
sh.600578,1,京能电力
sh.600580,1,卧龙电驱
sh.600582,1,天地科技
sh.600584,1,长电科技
sh.600586,1,金晶科技
sh.600588,1,用友网络
sh.600590,1,泰豪科技
sh.600593,1,大连圣亚
sh.600595,1,中孚实业
sh.600597,1,光明乳业
sh.600599,1,ST熊猫
sh.600601,1,*ST方科
sh.600603,1,广汇物流
sh.600605,1,汇通能源
sh.600608,1,ST沪科
sh.600610,1,中毅达
sh.600612,1,老凤祥
sh.600615,1,*ST丰华
sh.600617,1,国新能源
sh.600619,1,海立股份
sh.600621,1,华鑫股份
sh.600623,1,华谊集团
sh.600626,1,申达股份
sh.600629,1,华建集团
sh.600633,1,浙数文化
sh.600636,1,国新文化
sh.600638,1,新黄浦
sh.600640,1,新国脉
sh.600642,1,申能股份
sh.600644,1,乐山电力
sh.600647,0,同达创业
sh.600649,1,城投控股
sh.600651,1,飞乐音响
sh.600654,1,*ST中安
sh.600657,1,信达地产
sh.600660,1,福耀玻璃
sh.600662,1,外服控股
sh.600664,1,哈药股份
sh.600666,1,*ST瑞德
sh.600668,1,尖峰集团
sh.600673,1,东阳光
sh.600675,1,中华企业
sh.600678,1,四川金顶
sh.600681,1,百川能源
sh.600683,1,京投发展
sh.600685,1,中船防务
sh.600688,1,上海石化
sh.600690,1,海尔智家
sh.600692,1,亚通股份
sh.600694,1,大商股份
sh.600697,1,欧亚集团
sh.600699,1,均胜电子
sh.600703,1,三安光电
sh.600705,1,中航产融
sh.600707,1,彩虹股份
sh.600710,1,苏美达
sh.600712,1,南宁百货
sh.600714,1,金瑞矿业
sh.600716,1,凤凰股份
sh.600718,1,东软集团
sh.600720,1,祁连山
sh.600722,1,金牛化工
sh.600725,1,云维股份
sh.600727,1,鲁北化工
sh.600729,1,重庆百货
sh.600731,1,湖南海利
sh.600733,1,北汽蓝谷
sh.600735,1,新华锦
sh.600737,1,中粮糖业
sh.600739,1,辽宁成大
sh.600741,1,华域汽车
sh.600743,1,华远地产
sh.600745,1,闻泰科技
sh.600748,1,上实发展
sh.600750,1,江中药业
sh.600753,1,东方银星
sh.600755,1,厦门国贸
sh.600757,1,长江传媒
sh.600759,1,ST洲际
sh.600761,1,安徽合力
sh.600764,1,中国海防
sh.600766,1,*ST园城
sh.600768,1,宁波富邦
sh.600770,1,综艺股份
sh.600773,1,西藏城投
sh.600775,1,南京熊猫
sh.600777,1,新潮能源
sh.600779,1,水井坊
sh.600781,1,ST辅仁
sh.600783,1,鲁信创投
sh.600785,1,新华百货
sh.600789,1,鲁抗医药
sh.600791,1,京能置业
sh.600793,1,宜宾纸业
sh.600795,1,国电电力
sh.600797,1,浙大网新
sh.600800,1,渤海化学
sh.600802,1,福建水泥
sh.600804,1,ST鹏博士
sh.600807,1,济南高新
sh.600809,1,山西汾酒
sh.600811,1,东方集团
sh.600814,1,杭州解百
sh.600816,1,ST安信
sh.600818,1,中路股份
sh.600820,1,隧道股份
sh.600822,1,上海物贸
sh.600824,1,益民集团
sh.600826,1,兰生股份
sh.600828,1,茂业商业
sh.600830,1,香溢融通
sh.600833,1,第一医药
sh.600835,1,上海机电
sh.600837,1,海通证券
sh.600839,1,四川长虹
sh.600843,1,上工申贝
sh.600845,1,宝信软件
sh.600847,1,万里股份
sh.600850,1,电科数字
sh.600853,1,龙建股份
sh.600855,1,航天长峰
sh.600858,1,银座股份
sh.600860,1,京城股份
sh.600862,1,中航高科
sh.600864,1,哈投股份
sh.600866,1,星湖科技
sh.600868,1,梅雁吉祥
sh.600871,1,石化油服
sh.600873,1,梅花生物
sh.600875,1,东方电气
sh.600877,1,声光电科
sh.600880,1,博瑞传播
sh.600882,1,妙可蓝多
sh.600884,1,杉杉股份
sh.600886,1,国投电力
sh.600888,1,新疆众和
sh.600892,1,大晟文化
sh.600894,1,广日股份
sh.600896,0,*ST海医
sh.600898,1,国美通讯
sh.600901,1,江苏租赁
sh.600905,1,三峡能源
sh.600908,1,无锡银行
sh.600916,1,中国黄金
sh.600918,1,中泰证券
sh.600926,1,杭州银行
sh.600928,1,西安银行
sh.600933,1,爱柯迪
sh.600936,1,广西广电
sh.600939,1,重庆建工
sh.600955,1,维远股份
sh.600958,1,东方证券
sh.600960,1,渤海汽车
sh.600962,1,国投中鲁
sh.600965,1,福成股份
sh.600967,1,内蒙一机
sh.600969,1,郴电国际
sh.600971,1,恒源煤电
sh.600975,1,新五丰
sh.600977,1,中国电影
sh.600980,1,北矿科技
sh.600982,1,宁波能源
sh.600984,1,建设机械
sh.600986,1,浙文互联
sh.600988,1,赤峰黄金
sh.600990,1,四创电子
sh.600993,1,马应龙
sh.600996,1,贵广网络
sh.600998,1,九州通
sh.601000,1,唐山港
sh.601002,1,晋亿实业
sh.601005,1,重庆钢铁
sh.601007,1,金陵饭店
sh.601009,1,南京银行
sh.601011,1,宝泰隆
sh.601015,1,陕西黑猫
sh.601018,1,宁波港
sh.601020,1,华钰矿业
sh.601028,1,玉龙股份
sh.601058,1,赛轮轮胎
sh.601068,1,中铝国际
sh.601077,1,渝农商行
sh.601088,1,中国神华
sh.601099,1,太平洋
sh.601101,1,昊华能源
sh.601107,1,四川成渝
sh.601111,1,中国国航
sh.601116,1,三江购物
sh.601118,1,海南橡胶
sh.601127,1,小康股份
sh.601137,1,博威合金
sh.601139,1,深圳燃气
sh.601156,1,东航物流
sh.601162,1,天风证券
sh.601166,1,兴业银行
sh.601169,1,北京银行
sh.601179,1,中国西电
sh.601187,1,厦门银行
sh.601198,1,东兴证券
sh.601200,1,上海环境
sh.601211,1,国泰君安
sh.601216,1,君正集团
sh.601222,1,林洋能源
sh.601226,1,华电重工
sh.601229,1,上海银行
sh.601233,1,桐昆股份
sh.601238,1,广汽集团
sh.601279,1,英利汽车
sh.601298,1,青岛港
sh.601318,1,中国平安
sh.601326,1,秦港股份
sh.601330,1,绿色动力
sh.601336,1,新华保险
sh.601360,1,三六零
sh.601368,1,绿城水务
sh.601375,1,中原证券
sh.601388,1,怡球资源
sh.601398,1,工商银行
sh.601456,1,国联证券
sh.601512,1,中新集团
sh.601518,1,吉林高速
sh.601528,1,瑞丰银行
sh.601566,1,九牧王
sh.601568,1,北元集团
sh.601579,1,会稽山
sh.601595,1,上海电影
sh.601599,1,浙文影业
sh.601601,1,中国太保
sh.601607,1,上海医药
sh.601609,1,金田铜业
sh.601615,1,明阳智能
sh.601618,1,中国中冶
sh.601628,1,中国人寿
sh.601636,1,旗滨集团
sh.601665,1,齐鲁银行
sh.601668,1,中国建筑
sh.601677,1,明泰铝业
sh.601686,1,友发集团
sh.601689,1,拓普集团
sh.601698,1,中国卫通
sh.601700,0,风范股份
sh.601717,1,郑煤机
sh.601727,1,上海电气
sh.601766,1,中国中车
sh.601778,1,晶科科技
sh.601789,1,宁波建工
sh.601799,1,星宇股份
sh.601801,1,皖新传媒
sh.601811,1,新华文轩
sh.601818,1,光大银行
sh.601827,1,三峰环境
sh.601838,1,成都银行
sh.601858,1,中国科传
sh.601865,1,福莱特
sh.601868,1,中国能建
sh.601872,1,招商轮船
sh.601878,1,浙商证券
sh.601881,1,中国银河
sh.601886,1,江河集团
sh.601890,1,亚星锚链
sh.601899,1,紫金矿业
sh.601901,1,方正证券
sh.601916,1,浙商银行
sh.601919,1,中远海控
sh.601928,1,凤凰传媒
sh.601933,1,永辉超市
sh.601949,1,中国出版
sh.601956,1,东贝集团
sh.601963,1,重庆银行
sh.601966,1,玲珑轮胎
sh.601969,1,海南矿业
sh.601985,1,中国核电
sh.601989,1,中国重工
sh.601991,1,大唐发电
sh.601995,1,中金公司
sh.601997,1,贵阳银行
sh.601999,1,出版传媒
sh.603001,1,奥康国际
sh.603003,1,龙宇燃油
sh.603006,1,联明股份
sh.603008,1,喜临门
sh.603010,1,万盛股份
sh.603012,1,创力集团
sh.603015,1,弘讯科技
sh.603017,1,中衡设计
sh.603019,1,中科曙光
sh.603021,1,山东华鹏
sh.603023,1,威帝股份
sh.603026,1,石大胜华
sh.603028,1,赛福天
sh.603030,1,全筑股份
sh.603032,1,德新交运
sh.603035,1,常熟汽饰
sh.603037,1,凯众股份
sh.603039,1,ST泛微
sh.603041,1,美思德
sh.603043,1,广州酒家
sh.603048,1,浙江黎明
sh.603051,1,鹿山新材
sh.603055,1,台华新材
sh.603058,1,永吉股份
sh.603060,1,国检集团
sh.603066,1,音飞储存
sh.603068,1,博通集成
sh.603070,1,万控智造
sh.603076,1,乐惠国际
sh.603078,1,江化微
sh.603080,1,新疆火炬
sh.603083,1,剑桥科技
sh.603086,1,先达股份
sh.603088,1,宁波精达
sh.603090,1,宏盛股份
sh.603095,1,越剑智能
sh.603097,1,江苏华辰
sh.603099,1,长白山
sh.603101,1,汇嘉时代
sh.603103,1,横店影视
sh.603106,1,恒银科技
sh.603109,1,神驰机电
sh.603111,1,康尼机电
sh.603113,1,金能科技
sh.603116,1,红蜻蜓
sh.603118,1,共进股份
sh.603122,1,合富中国
sh.603126,1,中材节能
sh.603128,1,华贸物流
sh.603131,1,上海沪工
sh.603133,1,碳元科技
sh.603138,1,海量数据
sh.603150,1,万朗磁塑
sh.603156,1,养元饮品
sh.603159,1,上海亚虹
sh.603161,1,科华控股
sh.603166,1,福达股份
sh.603168,1,莎普爱思
sh.603170,1,
sh.603176,1,汇通集团
sh.603178,1,圣龙股份
sh.603180,1,金牌厨柜
sh.603183,1,建研院
sh.603186,1,华正新材
sh.603188,1,亚邦股份
sh.603191,1,望变电气
sh.603195,1,公牛集团
sh.603197,1,保隆科技
sh.603199,1,九华旅游
sh.603203,1,快克股份
sh.603208,1,江山欧派
sh.603212,1,赛伍技术
sh.603214,1,爱婴室
sh.603216,1,梦天家居
sh.603218,1,日月股份
sh.603220,1,中贝通信
sh.603222,1,济民医疗
sh.603225,1,新凤鸣
sh.603227,1,雪峰科技
sh.603229,1,奥翔药业
sh.603232,1,格尔软件
sh.603235,1,
sh.603238,1,诺邦股份
sh.603256,1,宏和科技
sh.603259,1,药明康德
sh.603261,1,立航科技
sh.603267,1,鸿远电子
sh.603269,1,海鸥股份
sh.603277,1,银都股份
sh.603279,1,景津装备
sh.603286,1,日盈电子
sh.603289,1,泰瑞机器
sh.603297,1,永新光学
sh.603299,1,苏盐井神
sh.603301,1,振德医疗
sh.603305,1,旭升股份
sh.603308,1,应流股份
sh.603311,1,金海高科
sh.603315,1,福鞍股份
sh.603317,1,天味食品
sh.603319,1,湘油泵
sh.603321,1,梅轮电梯
sh.603323,1,苏农银行
sh.603326,1,我乐家居
sh.603328,1,依顿电子
sh.603330,1,上海天洋
sh.603332,1,苏州龙杰
sh.603335,1,迪生力
sh.603337,1,杰克股份
sh.603339,1,四方科技
sh.603348,1,文灿股份
sh.603353,1,和顺石油
sh.603356,1,华菱精工
sh.603358,1,华达科技
sh.603360,1,百傲化学
sh.603365,1,水星家纺
sh.603367,1,辰欣药业
sh.603369,1,今世缘
sh.603378,1,亚士创能
sh.603380,1,易德龙
sh.603385,1,惠达卫浴
sh.603387,1,基蛋生物
sh.603389,1,亚振家居
sh.603392,1,万泰生物
sh.603396,1,金辰股份
sh.603399,1,吉翔股份
sh.603416,1,信捷电气
sh.603429,1,集友股份
sh.603444,1,吉比特
sh.603458,1,勘设股份
sh.603477,1,巨星农牧
sh.603488,1,展鹏科技
sh.603496,1,恒为科技
sh.603500,1,祥和实业
sh.603505,1,金石资源
sh.603507,1,振江股份
sh.603511,1,爱慕股份
sh.603516,1,淳中科技
sh.603518,1,锦泓集团
sh.603520,1,司太立
sh.603528,1,多伦科技
sh.603530,1,神马电力
sh.603535,1,嘉诚国际
sh.603538,1,美诺华
sh.603555,1,贵人鸟
sh.603557,1,ST起步
sh.603559,1,中通国脉
sh.603566,1,普莱柯
sh.603568,1,伟明环保
sh.603577,1,汇金通
sh.603579,1,荣泰健康
sh.603583,1,捷昌驱动
sh.603586,1,金麒麟
sh.603588,1,高能环境
sh.603590,1,康辰药业
sh.603596,1,伯特利
sh.603599,1,广信股份
sh.603601,1,再升科技
sh.603603,1,*ST博天
sh.603606,1,东方电缆
sh.603608,1,天创时尚
sh.603610,1,麒盛科技
sh.603612,1,索通发展
sh.603615,1,茶花股份
sh.603617,1,君禾股份
sh.603619,1,中曼石油
sh.603628,1,清源股份
sh.603630,1,拉芳家化
sh.603636,1,南威软件
sh.603638,1,艾迪精密
sh.603648,1,畅联股份
sh.603655,1,朗博科技
sh.603657,1,春光科技
sh.603659,1,璞泰来
sh.603661,1,恒林股份
sh.603663,1,三祥新材
sh.603666,1,亿嘉和
sh.603668,1,天马科技
sh.603676,1,卫信康
sh.603678,1,火炬电子
sh.603680,1,今创集团
sh.603682,1,锦和商管
sh.603685,1,晨丰科技
sh.603687,1,大胜达
sh.603689,1,皖天然气
sh.603693,1,江苏新能
sh.603697,1,有友食品
sh.603699,1,纽威股份
sh.603701,1,德宏股份
sh.603706,1,东方环宇
sh.603708,1,家家悦
sh.603711,1,香飘飘
sh.603713,1,密尔克卫
sh.603717,1,天域生态
sh.603719,1,良品铺子
sh.603722,1,阿科力
sh.603726,1,朗迪集团
sh.603728,1,鸣志电器
sh.603730,1,岱美股份
sh.603737,1,三棵树
sh.603739,1,蔚蓝生物
sh.603757,1,大元泵业
sh.603759,1,海天股份
sh.603767,1,中马传动
sh.603773,1,沃格光电
sh.603777,1,来伊份
sh.603779,1,威龙股份
sh.603787,1,新日股份
sh.603789,1,星光农机
sh.603797,1,联泰环保
sh.603799,1,华友钴业
sh.603801,1,志邦家居
sh.603806,1,福斯特
sh.603809,1,豪能股份
sh.603811,1,诚意药业
sh.603815,1,交建股份
sh.603817,1,海峡环保
sh.603819,1,神力股份
sh.603823,1,百合花
sh.603826,1,坤彩科技
sh.603829,1,洛凯股份
sh.603836,1,海程邦达
sh.603839,1,安正时尚
sh.603848,1,好太太
sh.603856,1,东宏股份
sh.603859,1,能科科技
sh.603861,1,白云电器
sh.603866,1,桃李面包
sh.603868,1,飞科电器
sh.603871,1,嘉友国际
sh.603877,1,太平鸟
sh.603879,1,永悦科技
sh.603881,1,数据港
sh.603883,1,老百姓
sh.603886,1,元祖股份
sh.603888,1,新华网
sh.603890,1,春秋电子
sh.603895,1,天永智能
sh.603897,1,长城科技
sh.603899,1,晨光股份
sh.603901,1,永创智能
sh.603906,1,龙蟠科技
sh.603909,1,建发合诚
sh.603915,1,国茂股份
sh.603917,1,合力科技
sh.603919,1,金徽酒
sh.603922,1,金鸿顺
sh.603927,1,中科软
sh.603929,1,亚翔集成
sh.603933,1,睿能科技
sh.603937,1,丽岛新材
sh.603939,1,益丰药房
sh.603949,1,雪龙集团
sh.603955,1,大千生态
sh.603958,1,哈森股份
sh.603960,1,克来机电
sh.603966,1,法兰泰克
sh.603968,1,醋化股份
sh.603970,1,中农立华
sh.603977,1,国泰集团
sh.603979,1,金诚信
sh.603982,1,泉峰汽车
sh.603985,1,恒润股份
sh.603987,1,康德莱
sh.603989,1,艾华集团
sh.603991,1,至正股份
sh.603993,1,洛阳钼业
sh.603997,1,继峰股份
sh.603999,1,读者传媒
sh.605003,1,众望布艺
sh.605006,1,山东玻纤
sh.605008,1,长鸿高科
sh.605011,1,杭州热电
sh.605018,1,长华股份
sh.605028,1,世茂能源
sh.605050,1,福然德
sh.605056,1,咸亨国际
sh.605060,1,联德股份
sh.605068,1,明新旭腾
sh.605077,1,华康股份
sh.605081,1,太和水
sh.605088,1,冠盛股份
sh.605090,1,九丰能源
sh.605099,1,共创草坪
sh.605108,1,同庆楼
sh.605116,1,奥锐特
sh.605118,1,力鼎光电
sh.605123,1,派克新材
sh.605133,1,嵘泰股份
sh.605138,1,盛泰集团
sh.605155,1,西大门
sh.605162,1,新中港
sh.605167,1,利柏特
sh.605169,1,洪通燃气
sh.605178,1,时空科技
sh.605180,1,华生科技
sh.605186,1,健麾信息
sh.605189,1,富春染织
sh.605198,1,德利股份
sh.605208,1,永茂泰
sh.605222,1,起帆电缆
sh.605255,1,天普股份
sh.605259,1,绿田机械
sh.605268,1,王力安防
sh.605286,1,同力日升
sh.605288,1,凯迪股份
sh.605296,1,神农集团
sh.605299,1,舒华体育
sh.605303,1,园林股份
sh.605318,1,法狮龙
sh.605333,1,沪光股份
sh.605337,1,李子园
sh.605339,1,南侨食品
sh.605365,1,立达信
sh.605368,1,蓝天燃气
sh.605376,1,博迁新材
sh.605378,1,野马电池
sh.605389,1,长龄液压
sh.605399,1,晨光新材
sh.605499,1,东鹏饮料
sh.605507,1,国邦医药
sh.605566,1,福莱蒽特
sh.605577,1,龙版传媒
sh.605588,1,冠石科技
sh.605598,1,上海港湾
sh.688001,1,华兴源创
sh.688003,1,天准科技
sh.688005,1,容百科技
sh.688007,1,光峰科技
sh.688009,1,中国通号
sh.688011,1,新光光电
sh.688013,1,天臣医疗
sh.688016,1,心脉医疗
sh.688018,1,乐鑫科技
sh.688020,1,方邦股份
sh.688022,1,瀚川智能
sh.688025,1,杰普特
sh.688027,1,国盾量子
sh.688029,1,南微医学
sh.688032,1,禾迈股份
sh.688036,1,传音控股
sh.688038,1,中科通达
sh.688045,1,必易微
sh.688047,1,
sh.688049,1,炬芯科技
sh.688051,1,佳华科技
sh.688053,1,
sh.688056,1,莱伯泰科
sh.688058,1,宝兰德
sh.688060,1,云涌科技
sh.688063,1,派能科技
sh.688066,1,航天宏图
sh.688068,1,热景生物
sh.688070,1,纵横股份
sh.688072,1,拓荆科技
sh.688076,1,诺泰生物
sh.688078,1,龙软科技
sh.688080,1,映翰通
sh.688082,1,盛美上海
sh.688085,1,三友医疗
sh.688087,1,英科再生
sh.688089,1,嘉必优
sh.688091,1,上海谊众
sh.688093,1,世华科技
sh.688096,1,京源环保
sh.688098,1,申联生物
sh.688100,1,威胜信息
sh.688102,1,斯瑞新材
sh.688105,1,诺唯赞
sh.688107,1,安路科技
sh.688109,1,品茗股份
sh.688111,1,金山办公
sh.688113,1,联测科技
sh.688116,1,天奈科技
sh.688118,1,普元信息
sh.688120,1,华海清科
sh.688122,1,西部超导
sh.688125,1,安达智能
sh.688127,1,蓝特光学
sh.688129,1,东来技术
sh.688133,1,泰坦科技
sh.688136,1,科兴制药
sh.688139,1,海尔生物
sh.688150,1,莱特光电
sh.688153,1,唯捷创芯
sh.688156,1,路德环境
sh.688158,1,优刻得
sh.688160,1,步科股份
sh.688162,1,巨一科技
sh.688165,1,埃夫特
sh.688167,1,炬光科技
sh.688169,1,石头科技
sh.688171,1,纬德信息
sh.688175,1,高凌信息
sh.688177,1,百奥泰
sh.688179,1,阿拉丁
sh.688181,1,八亿时空
sh.688183,1,生益电子
sh.688186,1,广大特材
sh.688188,1,柏楚电子
sh.688190,1,云路股份
sh.688192,1,迪哲医药
sh.688195,1,腾景科技
sh.688197,1,首药控股
sh.688199,1,久日新材
sh.688201,1,信安世纪
sh.688206,1,概伦电子
sh.688208,1,道通科技
sh.688210,1,统联精密
sh.688212,1,澳华内镜
sh.688215,1,瑞晟智能
sh.688217,1,睿昂基因
sh.688219,1,会通股份
sh.688221,1,前沿生物
sh.688223,1,晶科能源
sh.688226,1,威腾电气
sh.688228,1,开普云
sh.688230,1,芯导科技
sh.688233,1,神工股份
sh.688235,1,百济神州
sh.688237,1,
sh.688239,1,航宇科技
sh.688248,1,南网科技
sh.688255,1,凯尔达
sh.688257,1,新锐股份
sh.688259,1,创耀科技
sh.688261,1,东微半导
sh.688265,1,南模生物
sh.688267,1,中触媒
sh.688269,1,凯立新材
sh.688272,1,富吉瑞
sh.688277,1,天智航
sh.688279,1,峰岹科技
sh.688281,1,华秦科技
sh.688283,1,坤恒顺维
sh.688286,1,敏芯股份
sh.688288,1,鸿泉物联
sh.688290,1,景业智能
sh.688296,1,和达科技
sh.688299,1,长阳科技
sh.688301,1,奕瑞科技
sh.688303,1,大全能源
sh.688306,1,均普智能
sh.688309,1,*ST恒誉
sh.688311,1,盟升电子
sh.688313,1,仕佳光子
sh.688315,1,诺禾致源
sh.688317,1,之江生物
sh.688319,1,欧林生物
sh.688321,1,微芯生物
sh.688325,1,赛微微电
sh.688327,1,云从科技
sh.688329,1,艾隆科技
sh.688331,1,荣昌生物
sh.688335,1,复洁环保
sh.688337,1,普源精电
sh.688339,1,亿华通
sh.688348,1,昱能科技
sh.688353,1,
sh.688356,1,键凯科技
sh.688358,1,祥生医疗
sh.688360,1,德马科技
sh.688365,1,光云科技
sh.688367,1,工大高科
sh.688369,1,致远互联
sh.688378,1,奥来德
sh.688383,1,新益昌
sh.688386,1,泛亚微透
sh.688389,1,普门科技
sh.688393,1,安必平
sh.688396,1,华润微
sh.688399,1,硕世生物
sh.688418,1,震有科技
sh.688456,1,有研粉材
sh.688468,1,科美诊断
sh.688499,1,利元亨
sh.688501,1,青达环保
sh.688508,1,芯朋微
sh.688510,1,航亚科技
sh.688513,1,苑东生物
sh.688517,1,金冠电气
sh.688519,1,南亚新材
sh.688521,1,芯原股份
sh.688528,1,秦川物联
sh.688533,1,上声电子
sh.688538,1,和辉光电
sh.688551,1,科威尔
sh.688555,1,泽达易盛
sh.688557,1,兰剑智能
sh.688559,1,海目星
sh.688561,1,奇安信
sh.688566,1,吉贝尔
sh.688568,1,中科星图
sh.688571,1,杭华股份
sh.688577,1,浙海德曼
sh.688579,1,山大地纬
sh.688585,1,上纬新材
sh.688588,1,凌志软件
sh.688590,1,新致软件
sh.688596,1,正帆科技
sh.688598,1,金博股份
sh.688600,1,皖仪科技
sh.688606,1,奥泰生物
sh.688608,1,恒玄科技
sh.688611,1,杭州柯林
sh.688616,1,西力科技
sh.688618,1,三旺通信
sh.688621,1,阳光诺和
sh.688625,1,呈和科技
sh.688628,1,优利德
sh.688633,1,星球石墨
sh.688639,1,华恒生物
sh.688656,1,浩欧博
sh.688659,1,元琛科技
sh.688661,1,和林微纳
sh.688663,1,新风光
sh.688667,1,菱电电控
sh.688669,1,聚石化学
sh.688676,1,金盘科技
sh.688678,1,福立旺
sh.688680,1,海优新材
sh.688682,1,霍莱沃
sh.688685,1,迈信林
sh.688687,1,凯因科技
sh.688690,1,纳微科技
sh.688697,1,纽威数控
sh.688699,1,明微电子
sh.688701,1,卓锦股份
sh.688711,1,宏微科技
sh.688722,1,同益中
sh.688733,1,壹石通
sh.688739,1,成大生物
sh.688767,1,博拓生物
sh.688772,1,珠海冠宇
sh.688777,1,中控技术
sh.688779,1,长远锂科
sh.688787,1,海天瑞声
sh.688789,1,宏华数科
sh.688798,1,艾为电子
sh.688800,1,瑞可达
sh.688981,1,中芯国际
sz.000001,1,平安银行
sz.000004,1,ST国华
sz.000006,1,深振业A
sz.000008,1,神州高铁
sz.000010,1,美丽生态
sz.000012,1,南玻A
sz.000016,1,深康佳A
sz.000019,1,深粮控股
sz.000021,1,深科技
sz.000025,1,特力A
sz.000027,1,深圳能源
sz.000029,1,深深房A
sz.000031,1,大悦城
sz.000034,1,神州数码
sz.000036,1,华联控股
sz.000038,1,*ST大通
sz.000040,1,东旭蓝天
sz.000045,1,深纺织A
sz.000048,1,京基智农
sz.000050,1,深天马A
sz.000056,1,皇庭国际
sz.000059,1,华锦股份
sz.000061,1,农产品
sz.000063,1,中兴通讯
sz.000066,1,中国长城
sz.000069,1,华侨城A
sz.000078,1,海王生物
sz.000089,1,深圳机场
sz.000096,1,广聚能源
sz.000100,1,TCL科技
sz.000151,1,中成股份
sz.000155,1,川能动力
sz.000157,1,中联重科
sz.000159,1,国际实业
sz.000301,1,东方盛虹
sz.000338,1,潍柴动力
sz.000401,1,冀东水泥
sz.000403,1,派林生物
sz.000407,1,胜利股份
sz.000409,1,云鼎科技
sz.000411,1,英特集团
sz.000415,1,渤海租赁
sz.000417,1,合肥百货
sz.000420,1,吉林化纤
sz.000422,1,湖北宜化
sz.000425,1,徐工机械
sz.000428,1,华天酒店
sz.000430,1,张家界
sz.000498,1,山东路桥
sz.000503,1,国新健康
sz.000505,1,京粮控股
sz.000507,1,珠海港
sz.000510,1,新金路
sz.000514,1,渝开发
sz.000517,1,荣安地产
sz.000519,1,中兵红箭
sz.000521,1,长虹美菱
sz.000524,1,岭南控股
sz.000526,1,学大教育
sz.000529,1,广弘控股
sz.000531,1,穗恒运A
sz.000533,1,顺钠股份
sz.000536,1,华映科技
sz.000538,1,云南白药
sz.000540,1,中天金融
sz.000543,1,皖能电力
sz.000545,1,金浦钛业
sz.000547,1,航天发展
sz.000550,1,江铃汽车
sz.000552,1,靖远煤电
sz.000554,1,泰山石油
sz.000557,1,西部创业
sz.000559,1,万向钱潮
sz.000561,1,烽火电子
sz.000564,1,*ST大集
sz.000566,1,海南海药
sz.000568,1,泸州老窖
sz.000571,1,ST大洲
sz.000573,1,粤宏远A
sz.000581,1,威孚高科
sz.000584,1,哈工智能
sz.000587,1,*ST金洲
sz.000590,1,启迪药业
sz.000592,1,平潭发展
sz.000595,1,宝塔实业
sz.000597,1,东北制药
sz.000599,1,青岛双星
sz.000601,1,韶能股份
sz.000605,1,渤海股份
sz.000607,1,华媒控股
sz.000609,1,中迪投资
sz.000612,1,焦作万方
sz.000616,1,ST海投
sz.000619,1,海螺新材
sz.000622,1,恒立实业
sz.000625,1,长安汽车
sz.000627,1,天茂集团
sz.000629,1,攀钢钒钛
sz.000631,1,顺发恒业
sz.000633,1,合金投资
sz.000636,1,风华高科
sz.000638,1,*ST万方
sz.000650,1,仁和药业
sz.000652,1,泰达股份
sz.000656,1,金科股份
sz.000659,1,珠海中富
sz.000663,1,永安林业
sz.000666,1,经纬纺机
sz.000668,1,荣丰控股
sz.000672,1,上峰水泥
sz.000677,1,恒天海龙
sz.000679,1,大连友谊
sz.000681,1,视觉中国
sz.000683,1,远兴能源
sz.000686,1,东北证券
sz.000690,1,宝新能源
sz.000692,1,惠天热电
sz.000697,1,炼石航空
sz.000700,1,模塑科技
sz.000702,1,正虹科技
sz.000705,1,浙江震元
sz.000708,1,中信特钢
sz.000710,1,贝瑞基因
sz.000712,1,锦龙股份
sz.000715,1,中兴商业
sz.000717,1,韶钢松山
sz.000719,1,中原传媒
sz.000721,1,西安饮食
sz.000723,1,美锦能源
sz.000726,1,鲁泰A
sz.000728,1,国元证券
sz.000731,1,四川美丰
sz.000733,1,振华科技
sz.000736,1,中交地产
sz.000738,1,航发控制
sz.000750,1,国海证券
sz.000752,1,*ST西发
sz.000755,0,山西路桥
sz.000757,1,浩物股份
sz.000759,1,中百集团
sz.000762,1,西藏矿业
sz.000767,1,晋控电力
sz.000776,1,广发证券
sz.000778,1,新兴铸管
sz.000782,1,美达股份
sz.000785,1,居然之家
sz.000788,1,北大医药
sz.000790,1,华神科技
sz.000792,1,盐湖股份
sz.000795,1,英洛华
sz.000797,1,中国武夷
sz.000799,1,酒鬼酒
sz.000801,1,四川九洲
sz.000803,1,北清环能
sz.000807,1,云铝股份
sz.000810,1,创维数字
sz.000812,1,陕西金叶
sz.000815,1,美利云
sz.000818,1,航锦科技
sz.000820,1,*ST节能
sz.000822,1,山东海化
sz.000825,1,太钢不锈
sz.000828,1,东莞控股
sz.000830,1,鲁西化工
sz.000833,1,粤桂股份
sz.000837,1,秦川机床
sz.000839,1,ST国安
sz.000850,1,华茂股份
sz.000852,1,石化机械
sz.000858,1,五粮液
sz.000860,1,顺鑫农业
sz.000862,1,银星能源
sz.000868,1,安凯客车
sz.000875,1,吉电股份
sz.000877,1,天山股份
sz.000880,1,潍柴重机
sz.000882,1,华联股份
sz.000885,1,城发环境
sz.000887,1,中鼎股份
sz.000889,1,ST中嘉
sz.000892,1,欢瑞世纪
sz.000895,1,双汇发展
sz.000898,1,鞍钢股份
sz.000900,1,现代投资
sz.000902,1,新洋丰
sz.000905,1,厦门港务
sz.000908,1,景峰医药
sz.000910,1,大亚圣象
sz.000912,1,泸天化
sz.000915,1,华特达因
sz.000918,1,嘉凯城
sz.000920,1,沃顿科技
sz.000922,1,佳电股份
sz.000925,1,众合科技
sz.000927,1,中国铁物
sz.000929,1,兰州黄河
sz.000931,1,中关村
sz.000933,1,神火股份
sz.000936,1,华西股份
sz.000938,1,紫光股份
sz.000949,1,新乡化纤
sz.000951,1,中国重汽
sz.000953,1,河化股份
sz.000957,1,中通客车
sz.000959,1,首钢股份
sz.000961,1,中南建设
sz.000963,1,华东医药
sz.000966,1,长源电力
sz.000968,1,蓝焰控股
sz.000970,1,中科三环
sz.000972,1,*ST中基
sz.000975,1,银泰黄金
sz.000977,1,浪潮信息
sz.000980,1,ST众泰
sz.000982,1,中银绒业
sz.000985,1,大庆华科
sz.000988,1,华工科技
sz.000990,1,诚志股份
sz.000995,1,*ST皇台
sz.000997,1,新大陆
sz.000999,1,华润三九
sz.001202,1,炬申股份
sz.001205,1,盛航股份
sz.001207,1,联科科技
sz.001209,1,洪兴股份
sz.001211,1,双枪科技
sz.001213,1,中铁特货
sz.001216,1,华瓷股份
sz.001218,1,丽臣实业
sz.001226,1,
sz.001228,1,永泰运
sz.001266,1,宏英智能
sz.001268,1,
sz.001288,1,运机集团
sz.001296,1,长江材料
sz.001309,1,
sz.001316,1,
sz.001318,1,阳光乳业
sz.001323,1,
sz.001872,1,招商港口
sz.001914,1,招商积余
sz.001979,1,招商蛇口
sz.002002,1,鸿达兴业
sz.002004,1,华邦健康
sz.002006,1,精功科技
sz.002008,1,大族激光
sz.002010,1,传化智联
sz.002012,1,凯恩股份
sz.002014,1,永新股份
sz.002016,1,世荣兆业
sz.002019,1,亿帆医药
sz.002021,1,ST中捷
sz.002023,1,海特高新
sz.002025,1,航天电器
sz.002027,1,分众传媒
sz.002029,1,七匹狼
sz.002031,1,巨轮智能
sz.002033,1,丽江股份
sz.002035,1,华帝股份
sz.002037,1,保利联合
sz.002039,1,黔源电力
sz.002041,1,登海种业
sz.002043,1,兔宝宝
sz.002045,1,国光电器
sz.002047,1,宝鹰股份
sz.002049,1,紫光国微
sz.002051,1,中工国际
sz.002053,1,云南能投
sz.002055,1,得润电子
sz.002057,1,中钢天源
sz.002059,1,云南旅游
sz.002061,1,浙江交科
sz.002063,1,远光软件
sz.002065,1,东华软件
sz.002067,1,景兴纸业
sz.002069,1,ST獐子岛
sz.002073,1,软控股份
sz.002075,1,沙钢股份
sz.002077,1,大港股份
sz.002079,1,苏州固锝
sz.002081,1,金螳螂
sz.002083,1,孚日股份
sz.002085,1,万丰奥威
sz.002087,1,新野纺织
sz.002089,1,ST新海
sz.002091,1,江苏国泰
sz.002093,1,国脉科技
sz.002095,1,生意宝
sz.002097,1,山河智能
sz.002099,1,海翔药业
sz.002101,1,广东鸿图
sz.002103,1,广博股份
sz.002105,1,信隆健康
sz.002107,1,沃华医药
sz.002109,1,兴化股份
sz.002111,1,威海广泰
sz.002113,1,ST天润
sz.002115,1,三维通信
sz.002117,1,东港股份
sz.002119,1,康强电子
sz.002121,1,科陆电子
sz.002123,1,梦网科技
sz.002125,1,湘潭电化
sz.002127,1,南极电商
sz.002129,1,中环股份
sz.002131,1,利欧股份
sz.002133,1,广宇集团
sz.002135,1,东南网架
sz.002137,1,实益达
sz.002139,1,拓邦股份
sz.002141,1,贤丰控股
sz.002144,1,宏达高科
sz.002146,1,荣盛发展
sz.002149,1,西部材料
sz.002151,1,北斗星通
sz.002153,1,石基信息
sz.002155,1,湖南黄金
sz.002157,1,正邦科技
sz.002159,1,三特索道
sz.002161,1,远望谷
sz.002163,1,海南发展
sz.002165,1,红宝丽
sz.002167,1,东方锆业
sz.002169,1,智光电气
sz.002171,1,楚江新材
sz.002173,1,创新医疗
sz.002175,1,东方网络
sz.002177,1,*ST御银
sz.002179,1,中航光电
sz.002181,1,粤传媒
sz.002183,1,怡亚通
sz.002185,1,华天科技
sz.002187,1,广百股份
sz.002189,1,中光学
sz.002191,1,劲嘉股份
sz.002193,1,如意集团
sz.002195,1,二三四五
sz.002197,1,证通电子
sz.002199,1,东晶电子
sz.002201,1,正威新材
sz.002203,1,海亮股份
sz.002205,1,国统股份
sz.002207,1,准油股份
sz.002209,1,达意隆
sz.002211,1,ST宏达
sz.002213,1,大为股份
sz.002215,1,诺普信
sz.002217,1,合力泰
sz.002219,1,*ST恒康
sz.002222,1,福晶科技
sz.002224,1,三力士
sz.002226,1,江南化工
sz.002228,1,合兴包装
sz.002230,1,科大讯飞
sz.002232,1,启明信息
sz.002234,1,民和股份
sz.002236,1,大华股份
sz.002238,1,天威视讯
sz.002240,1,盛新锂能
sz.002242,1,九阳股份
sz.002244,1,滨江集团
sz.002246,1,北化股份
sz.002248,1,华东数控
sz.002250,1,联化科技
sz.002252,1,上海莱士
sz.002254,1,泰和新材
sz.002256,1,兆新股份
sz.002259,1,ST升达
sz.002262,1,恩华药业
sz.002264,1,新华都
sz.002266,1,浙富控股
sz.002268,1,卫士通
sz.002270,1,华明装备
sz.002272,1,川润股份
sz.002274,1,华昌化工
sz.002276,1,万马股份
sz.002278,1,神开股份
sz.002280,1,联络互动
sz.002282,1,博深股份
sz.002284,1,亚太股份
sz.002286,1,保龄宝
sz.002288,1,超华科技
sz.002290,1,禾盛新材
sz.002292,1,奥飞娱乐
sz.002294,1,信立泰
sz.002296,1,辉煌科技
sz.002298,1,中电兴发
sz.002300,1,太阳电缆
sz.002302,1,西部建设
sz.002304,1,洋河股份
sz.002306,1,中科云网
sz.002308,1,威创股份
sz.002310,1,东方园林
sz.002312,1,川发龙蟒
sz.002314,1,南山控股
sz.002316,1,*ST亚联
sz.002318,1,久立特材
sz.002320,1,海峡股份
sz.002322,1,理工能科
sz.002324,1,普利特
sz.002326,1,永太科技
sz.002328,1,新朋股份
sz.002330,1,得利斯
sz.002332,1,仙琚制药
sz.002334,1,英威腾
sz.002336,1,人人乐
sz.002338,1,奥普光电
sz.002340,1,格林美
sz.002342,1,巨力索具
sz.002344,1,海宁皮城
sz.002346,1,柘中股份
sz.002348,1,高乐股份
sz.002350,1,北京科锐
sz.002352,1,顺丰控股
sz.002354,1,天娱数科
sz.002356,1,*ST赫美
sz.002358,1,ST森源
sz.002361,1,神剑股份
sz.002363,1,隆基机械
sz.002365,1,永安药业
sz.002367,1,康力电梯
sz.002369,1,卓翼科技
sz.002371,1,北方华创
sz.002373,1,千方科技
sz.002375,1,亚厦股份
sz.002377,1,国创高新
sz.002379,1,宏创控股
sz.002381,1,双箭股份
sz.002383,1,合众思壮
sz.002385,1,大北农
sz.002387,1,维信诺
sz.002389,1,航天彩虹
sz.002391,1,长青股份
sz.002393,1,力生制药
sz.002395,1,双象股份
sz.002397,1,梦洁股份
sz.002399,1,海普瑞
sz.002401,1,中远海科
sz.002403,1,爱仕达
sz.002405,1,四维图新
sz.002407,1,多氟多
sz.002409,1,雅克科技
sz.002411,1,延安必康
sz.002413,1,雷科防务
sz.002415,1,海康威视
sz.002417,1,*ST深南
sz.002419,1,天虹股份
sz.002421,1,达实智能
sz.002423,1,中粮资本
sz.002425,1,凯撒文化
sz.002427,1,*ST尤夫
sz.002429,1,兆驰股份
sz.002431,1,棕榈股份
sz.002433,1,太安堂
sz.002435,1,长江健康
sz.002437,1,誉衡药业
sz.002439,1,启明星辰
sz.002441,1,众业达
sz.002443,1,金洲管道
sz.002445,1,中南文化
sz.002448,1,中原内配
sz.002451,1,摩恩电气
sz.002453,1,华软科技
sz.002455,1,百川股份
sz.002457,1,青龙管业
sz.002459,1,晶澳科技
sz.002461,1,珠江啤酒
sz.002463,1,沪电股份
sz.002466,1,天齐锂业
sz.002468,1,申通快递
sz.002470,1,ST金正
sz.002472,1,双环传动
sz.002475,1,立讯精密
sz.002478,1,常宝股份
sz.002480,1,新筑股份
sz.002482,1,广田集团
sz.002484,1,江海股份
sz.002486,1,嘉麟杰
sz.002488,1,金固股份
sz.002490,1,山东墨龙
sz.002492,1,恒基达鑫
sz.002494,1,华斯股份
sz.002496,1,辉丰股份
sz.002498,1,汉缆股份
sz.002500,1,山西证券
sz.002502,1,鼎龙文化
sz.002504,1,ST弘高
sz.002506,1,协鑫集成
sz.002508,1,老板电器
sz.002511,1,中顺洁柔
sz.002513,1,蓝丰生化
sz.002515,1,金字火腿
sz.002517,1,恺英网络
sz.002519,1,银河电子
sz.002521,1,齐峰新材
sz.002523,1,天桥起重
sz.002526,1,山东矿机
sz.002528,1,英飞拓
sz.002530,1,金财互联
sz.002532,1,天山铝业
sz.002534,1,西子洁能
sz.002536,1,飞龙股份
sz.002538,1,司尔特
sz.002540,1,亚太科技
sz.002542,1,中化岩土
sz.002544,1,普天科技
sz.002546,1,新联电子
sz.002548,1,金新农
sz.002550,1,千红制药
sz.002552,1,宝鼎科技
sz.002554,1,惠博普
sz.002556,1,辉隆股份
sz.002558,1,巨人网络
sz.002560,1,通达股份
sz.002562,1,兄弟科技
sz.002564,1,天沃科技
sz.002566,1,益盛药业
sz.002568,1,百润股份
sz.002570,1,贝因美
sz.002572,1,索菲亚
sz.002574,1,明牌珠宝
sz.002576,1,通达动力
sz.002578,1,闽发铝业
sz.002580,1,圣阳股份
sz.002582,1,好想你
sz.002584,1,西陇科学
sz.002586,1,*ST围海
sz.002588,1,史丹利
sz.002590,1,万安科技
sz.002592,1,ST八菱
sz.002594,1,比亚迪
sz.002596,1,海南瑞泽
sz.002598,1,山东章鼓
sz.002600,1,领益智造
sz.002602,1,世纪华通
sz.002605,1,姚记科技
sz.002607,1,中公教育
sz.002609,1,捷顺科技
sz.002611,1,东方精工
sz.002613,1,北玻股份
sz.002615,1,哈尔斯
sz.002617,1,露笑科技
sz.002621,1,美吉姆
sz.002623,1,亚玛顿
sz.002625,1,光启技术
sz.002627,1,三峡旅游
sz.002629,1,仁智股份
sz.002631,1,德尔未来
sz.002633,1,申科股份
sz.002635,1,安洁科技
sz.002637,1,赞宇科技
sz.002639,1,雪人股份
sz.002641,1,公元股份
sz.002643,1,万润股份
sz.002645,1,华宏科技
sz.002647,1,仁东控股
sz.002649,1,博彦科技
sz.002651,1,利君股份
sz.002653,1,海思科
sz.002655,1,共达电声
sz.002657,1,中科金财
sz.002659,1,凯文教育
sz.002661,1,克明食品
sz.002663,1,普邦股份
sz.002665,1,首航高科
sz.002667,1,鞍重股份
sz.002669,1,康达新材
sz.002671,1,龙泉股份
sz.002673,1,西部证券
sz.002675,1,东诚药业
sz.002677,1,浙江美大
sz.002679,1,福建金森
sz.002682,1,龙洲股份
sz.002685,1,华东重机
sz.002687,1,乔治白
sz.002689,1,远大智能
sz.002691,1,冀凯股份
sz.002693,1,双成药业
sz.002695,1,煌上煌
sz.002697,1,红旗连锁
sz.002699,1,ST美盛
sz.002701,1,奥瑞金
sz.002703,1,浙江世宝
sz.002706,1,良信股份
sz.002708,1,光洋股份
sz.002712,1,思美传媒
sz.002714,1,牧原股份
sz.002716,1,金贵银业
sz.002718,1,友邦吊顶
sz.002721,1,金一文化
sz.002723,1,金莱特
sz.002725,1,跃岭股份
sz.002727,1,一心堂
sz.002729,1,好利科技
sz.002731,1,萃华珠宝
sz.002733,1,雄韬股份
sz.002735,1,王子新材
sz.002737,1,葵花药业
sz.002739,1,万达电影
sz.002741,1,光华科技
sz.002743,1,富煌钢构
sz.002746,1,仙坛股份
sz.002748,1,世龙实业
sz.002750,1,龙津药业
sz.002752,1,昇兴股份
sz.002755,1,奥赛康
sz.002757,1,南兴股份
sz.002759,1,天际股份
sz.002761,1,浙江建投
sz.002763,1,汇洁股份
sz.002766,1,索菱股份
sz.002768,1,国恩股份
sz.002771,1,真视通
sz.002773,1,康弘药业
sz.002775,1,文科园林
sz.002777,1,久远银海
sz.002779,1,中坚科技
sz.002781,1,*ST奇信
sz.002783,1,凯龙股份
sz.002786,1,银宝山新
sz.002788,1,鹭燕医药
sz.002790,1,瑞尔特
sz.002792,1,通宇通讯
sz.002795,1,永和智控
sz.002797,1,第一创业
sz.002799,1,环球印务
sz.002801,1,微光股份
sz.002803,1,吉宏股份
sz.002806,1,华锋股份
sz.002808,1,恒久科技
sz.002810,1,山东赫达
sz.002812,1,恩捷股份
sz.002815,1,崇达技术
sz.002817,1,黄山胶囊
sz.002819,1,东方中科
sz.002821,1,凯莱英
sz.002823,1,凯中精密
sz.002825,1,纳尔股份
sz.002827,1,高争民爆
sz.002829,1,星网宇达
sz.002831,1,裕同科技
sz.002833,1,弘亚数控
sz.002836,1,新宏泽
sz.002838,1,道恩股份
sz.002840,1,华统股份
sz.002842,1,翔鹭钨业
sz.002845,1,同兴达
sz.002847,1,盐津铺子
sz.002849,1,威星智能
sz.002851,1,麦格米特
sz.002853,1,皮阿诺
sz.002856,1,美芝股份
sz.002858,1,力盛体育
sz.002860,1,星帅尔
sz.002862,1,实丰文化
sz.002864,1,盘龙药业
sz.002866,1,传艺科技
sz.002868,1,绿康生化
sz.002870,1,香山股份
sz.002872,1,ST天圣
sz.002875,1,安奈儿
sz.002877,1,智能自控
sz.002879,1,长缆科技
sz.002881,1,美格智能
sz.002883,1,中设股份
sz.002885,1,京泉华
sz.002887,1,绿茵生态
sz.002889,1,东方嘉盛
sz.002891,1,中宠股份
sz.002893,1,华通热力
sz.002896,1,中大力德
sz.002898,1,赛隆药业
sz.002900,1,哈三联
sz.002902,1,铭普光磁
sz.002905,1,金逸影视
sz.002907,1,华森制药
sz.002909,1,集泰股份
sz.002911,1,佛燃能源
sz.002913,1,奥士康
sz.002916,1,深南电路
sz.002918,1,蒙娜丽莎
sz.002920,1,德赛西威
sz.002922,1,伊戈尔
sz.002925,1,盈趣科技
sz.002927,1,泰永长征
sz.002929,1,润建股份
sz.002931,1,锋龙股份
sz.002933,1,新兴装备
sz.002936,1,郑州银行
sz.002938,1,鹏鼎控股
sz.002940,1,昂利康
sz.002942,1,新农股份
sz.002945,1,华林证券
sz.002947,1,恒铭达
sz.002949,1,华阳国际
sz.002951,1,金时科技
sz.002953,1,日丰股份
sz.002956,1,西麦食品
sz.002958,1,青农商行
sz.002960,1,青鸟消防
sz.002962,1,五方光电
sz.002965,1,祥鑫科技
sz.002967,1,广电计量
sz.002969,1,嘉美包装
sz.002971,1,和远气体
sz.002973,1,侨银股份
sz.002976,1,瑞玛精密
sz.002978,1,安宁股份
sz.002980,1,华盛昌
sz.002982,1,湘佳股份
sz.002984,1,森麒麟
sz.002986,1,宇新股份
sz.002988,1,豪美新材
sz.002990,1,盛视科技
sz.002992,1,宝明科技
sz.002995,1,天地在线
sz.002997,1,瑞鹄模具
sz.002999,1,天禾股份
sz.003001,1,中岩大地
sz.003003,1,天元股份
sz.003005,1,竞业达
sz.003007,1,直真科技
sz.003009,1,中天火箭
sz.003011,1,海象新材
sz.003013,1,地铁设计
sz.003016,1,欣贺股份
sz.003018,1,金富科技
sz.003020,1,立方制药
sz.003022,1,联泓新科
sz.003025,1,思进智能
sz.003027,1,同兴环保
sz.003029,1,吉大正元
sz.003031,1,中瓷电子
sz.003033,1,征和工业
sz.003036,1,泰坦股份
sz.003038,1,鑫铂股份
sz.003040,1,楚天龙
sz.003042,1,中农联合
sz.003816,1,中国广核
sz.300002,1,神州泰岳
sz.300004,1,南风股份
sz.300006,1,莱美药业
sz.300008,1,天海防务
sz.300010,1,豆神教育
sz.300012,1,华测检测
sz.300014,1,亿纬锂能
sz.300016,1,北陆药业
sz.300018,1,中元股份
sz.300020,1,银江技术
sz.300022,1,吉峰科技
sz.300025,1,华星创业
sz.300027,1,华谊兄弟
sz.300030,1,阳普医疗
sz.300032,1,金龙机电
sz.300034,1,钢研高纳
sz.300036,1,超图软件
sz.300039,1,上海凯宝
sz.300041,1,回天新材
sz.300043,1,星辉娱乐
sz.300045,1,华力创通
sz.300047,1,天源迪科
sz.300049,1,福瑞股份
sz.300051,1,三五互联
sz.300053,1,欧比特
sz.300055,1,万邦达
sz.300057,1,万顺新材
sz.300059,1,东方财富
sz.300062,1,中能电气
sz.300065,1,海兰信
sz.300067,1,安诺其
sz.300069,1,金利华电
sz.300071,1,华谊嘉信
sz.300073,1,当升科技
sz.300075,1,数字政通
sz.300077,1,国民技术
sz.300079,1,数码视讯
sz.300081,1,恒信东方
sz.300083,1,创世纪
sz.300085,1,银之杰
sz.300087,1,荃银高科
sz.300089,1,*ST文化
sz.300092,1,科新机电
sz.300094,1,国联水产
sz.300096,1,易联众
sz.300098,1,高新兴
sz.300100,1,双林股份
sz.300102,1,乾照光电
sz.300105,1,龙源技术
sz.300107,1,建新股份
sz.300109,1,新开源
sz.300111,1,向日葵
sz.300113,1,顺网科技
sz.300115,1,长盈精密
sz.300117,1,嘉寓股份
sz.300119,1,瑞普生物
sz.300121,1,阳谷华泰
sz.300123,1,亚光科技
sz.300125,1,聆达股份
sz.300127,1,银河磁体
sz.300129,1,泰胜风能
sz.300131,1,英唐智控
sz.300133,1,华策影视
sz.300135,1,宝利国际
sz.300137,1,先河环保
sz.300139,1,晓程科技
sz.300141,1,和顺电气
sz.300143,1,盈康生命
sz.300145,1,中金环境
sz.300147,1,香雪制药
sz.300149,1,睿智医药
sz.300151,1,昌红科技
sz.300153,1,科泰电源
sz.300155,1,安居宝
sz.300158,1,振东制药
sz.300160,1,秀强股份
sz.300162,1,雷曼光电
sz.300164,1,通源石油
sz.300166,1,东方国信
sz.300168,1,万达信息
sz.300170,1,汉得信息
sz.300172,1,中电环保
sz.300174,1,元力股份
sz.300176,1,派生科技
sz.300179,1,四方达
sz.300181,1,佐力药业
sz.300183,1,东软载波
sz.300185,1,通裕重工
sz.300188,1,美亚柏科
sz.300190,1,维尔利
sz.300192,1,科德教育
sz.300194,1,福安药业
sz.300196,1,长海股份
sz.300198,1,纳川股份
sz.300200,1,高盟新材
sz.300203,1,聚光科技
sz.300205,1,天喻信息
sz.300207,1,欣旺达
sz.300209,1,天泽信息
sz.300211,1,亿通科技
sz.300213,1,佳讯飞鸿
sz.300215,1,电科院
sz.300218,1,安利股份
sz.300220,1,金运激光
sz.300222,1,科大智能
sz.300224,1,正海磁材
sz.300226,1,上海钢联
sz.300228,1,富瑞特装
sz.300230,1,永利股份
sz.300232,1,洲明科技
sz.300234,1,开尔新材
sz.300236,1,上海新阳
sz.300238,1,冠昊生物
sz.300240,1,飞力达
sz.300242,1,佳云科技
sz.300244,1,迪安诊断
sz.300246,1,宝莱特
sz.300248,1,新开普
sz.300250,1,初灵信息
sz.300252,1,金信诺
sz.300254,1,仟源医药
sz.300256,1,*ST星星
sz.300258,1,精锻科技
sz.300260,1,新莱应材
sz.300262,1,巴安水务
sz.300264,1,佳创视讯
sz.300266,1,兴源环境
sz.300268,1,佳沃食品
sz.300270,1,中威电子
sz.300272,1,开能健康
sz.300274,1,阳光电源
sz.300276,1,三丰智能
sz.300278,1,华昌达
sz.300280,1,紫天科技
sz.300282,1,ST三盛
sz.300284,1,苏交科
sz.300286,1,安科瑞
sz.300288,1,朗玛信息
sz.300290,1,荣科科技
sz.300292,1,吴通控股
sz.300294,1,博雅生物
sz.300296,1,利亚德
sz.300298,1,三诺生物
sz.300300,1,海峡创新
sz.300302,1,同有科技
sz.300304,1,云意电气
sz.300306,1,远方信息
sz.300308,1,中际旭创
sz.300310,1,宜通世纪
sz.300313,1,ST天山
sz.300315,1,掌趣科技
sz.300317,1,珈伟新能
sz.300319,1,麦捷科技
sz.300321,1,同大股份
sz.300323,1,华灿光电
sz.300326,1,凯利泰
sz.300328,1,宜安科技
sz.300330,1,华虹计通
sz.300332,1,天壕环境
sz.300334,1,津膜科技
sz.300336,1,*ST新文
sz.300338,1,ST开元
sz.300340,1,科恒股份
sz.300342,1,天银机电
sz.300344,1,立方数科
sz.300346,1,南大光电
sz.300348,1,长亮科技
sz.300350,1,华鹏飞
sz.300352,1,北信源
sz.300354,1,东华测试
sz.300356,1,*ST光一
sz.300358,1,楚天科技
sz.300360,1,炬华科技
sz.300364,1,中文在线
sz.300366,1,创意信息
sz.300369,1,绿盟科技
sz.300371,1,汇中股份
sz.300374,1,中铁装配
sz.300376,1,易事特
sz.300378,1,鼎捷软件
sz.300380,1,安硕信息
sz.300382,1,斯莱克
sz.300384,1,三联虹普
sz.300386,1,飞天诚信
sz.300388,1,节能国祯
sz.300390,1,天华超净
sz.300392,1,*ST腾信
sz.300394,1,天孚通信
sz.300396,1,迪瑞医疗
sz.300398,1,飞凯材料
sz.300400,1,劲拓股份
sz.300402,1,宝色股份
sz.300404,1,博济医药
sz.300406,1,九强生物
sz.300408,1,三环集团
sz.300410,1,正业科技
sz.300412,1,迦南科技
sz.300414,1,中光防雷
sz.300416,1,苏试试验
sz.300418,1,昆仑万维
sz.300420,1,五洋停车
sz.300422,1,博世科
sz.300424,1,航新科技
sz.300426,1,唐德影视
sz.300428,1,立中集团
sz.300430,1,诚益通
sz.300433,1,蓝思科技
sz.300435,1,中泰股份
sz.300437,1,清水源
sz.300439,1,美康生物
sz.300441,1,鲍斯股份
sz.300443,1,金雷股份
sz.300445,1,康斯特
sz.300447,1,全信股份
sz.300449,1,汉邦高科
sz.300451,1,创业慧康
sz.300453,1,三鑫医疗
sz.300455,1,康拓红外
sz.300457,1,赢合科技
sz.300459,1,汤姆猫
sz.300461,1,田中精机
sz.300463,1,迈克生物
sz.300465,1,高伟达
sz.300467,1,迅游科技
sz.300469,1,信息发展
sz.300471,1,厚普股份
sz.300473,1,德尔股份
sz.300475,1,香农芯创
sz.300477,1,合纵科技
sz.300479,1,神思电子
sz.300481,1,濮阳惠成
sz.300483,1,首华燃气
sz.300485,1,赛升药业
sz.300487,1,蓝晓科技
sz.300489,1,光智科技
sz.300491,1,通合科技
sz.300493,1,润欣科技
sz.300495,1,*ST美尚
sz.300497,1,富祥药业
sz.300499,1,高澜股份
sz.300501,1,海顺新材
sz.300503,1,昊志机电
sz.300505,1,川金诺
sz.300507,1,苏奥传感
sz.300509,1,新美星
sz.300511,1,雪榕生物
sz.300513,1,恒实科技
sz.300515,1,三德科技
sz.300517,1,海波重科
sz.300519,1,新光药业
sz.300521,1,爱司凯
sz.300523,1,辰安科技
sz.300526,1,*ST中潜
sz.300528,1,幸福蓝海
sz.300530,1,达志科技
sz.300532,1,今天国际
sz.300534,1,陇神戎发
sz.300536,1,农尚环境
sz.300538,1,同益股份
sz.300540,1,蜀道装备
sz.300542,1,新晨科技
sz.300545,1,联得装备
sz.300547,1,川环科技
sz.300549,1,优德精密
sz.300551,1,古鳌科技
sz.300553,1,集智股份
sz.300555,1,路通视信
sz.300557,1,理工光科
sz.300559,1,佳发教育
sz.300561,1,汇金科技
sz.300563,1,神宇股份
sz.300565,1,科信技术
sz.300567,1,精测电子
sz.300569,1,天能重工
sz.300571,1,平治信息
sz.300573,1,兴齐眼药
sz.300576,1,容大感光
sz.300578,1,会畅通讯
sz.300580,1,贝斯特
sz.300582,1,英飞特
sz.300584,1,海辰药业
sz.300586,1,美联新材
sz.300588,1,熙菱信息
sz.300590,1,移为通信
sz.300592,1,华凯易佰
sz.300594,1,朗进科技
sz.300596,1,利安隆
sz.300598,1,诚迈科技
sz.300600,1,国瑞科技
sz.300602,1,飞荣达
sz.300604,1,长川科技
sz.300606,1,金太阳
sz.300608,1,思特奇
sz.300610,1,晨化股份
sz.300612,1,宣亚国际
sz.300614,1,百川畅银
sz.300616,1,尚品宅配
sz.300618,1,寒锐钴业
sz.300620,1,光库科技
sz.300622,1,博士眼镜
sz.300624,1,万兴科技
sz.300626,1,华瑞股份
sz.300628,1,亿联网络
sz.300630,1,普利制药
sz.300632,1,光莆股份
sz.300634,1,彩讯股份
sz.300636,1,同和药业
sz.300638,1,广和通
sz.300640,1,德艺文创
sz.300642,1,透景生命
sz.300644,1,南京聚隆
sz.300647,1,超频三
sz.300649,1,杭州园林
sz.300651,1,金陵体育
sz.300653,1,正海生物
sz.300655,1,晶瑞电材
sz.300657,1,弘信电子
sz.300659,1,中孚信息
sz.300661,1,圣邦股份
sz.300663,1,科蓝软件
sz.300665,1,飞鹿股份
sz.300667,1,必创科技
sz.300669,1,沪宁股份
sz.300671,1,富满微
sz.300673,1,佩蒂股份
sz.300675,1,建科院
sz.300677,1,英科医疗
sz.300679,1,电连技术
sz.300681,1,英搏尔
sz.300683,1,海特生物
sz.300685,1,艾德生物
sz.300687,1,赛意信息
sz.300689,1,澄天伟业
sz.300691,1,联合光电
sz.300693,1,盛弘股份
sz.300695,1,兆丰股份
sz.300697,1,电工合金
sz.300699,1,光威复材
sz.300701,1,森霸传感
sz.300703,1,创源股份
sz.300706,1,阿石创
sz.300708,1,聚灿光电
sz.300710,1,万隆光电
sz.300712,1,永福股份
sz.300715,1,凯伦股份
sz.300717,1,华信新材
sz.300719,1,安达维尔
sz.300721,1,怡达股份
sz.300723,1,一品红
sz.300725,1,药石科技
sz.300727,1,润禾材料
sz.300730,1,科创信息
sz.300732,1,设研院
sz.300735,1,光弘科技
sz.300737,1,科顺股份
sz.300739,1,明阳电路
sz.300741,1,华宝股份
sz.300743,1,天地数码
sz.300746,1,汉嘉设计
sz.300748,1,金力永磁
sz.300750,1,宁德时代
sz.300752,1,隆利科技
sz.300755,1,华致酒行
sz.300757,1,罗博特科
sz.300759,1,康龙化成
sz.300761,1,立华股份
sz.300763,1,锦浪科技
sz.300766,1,每日互动
sz.300768,1,迪普科技
sz.300770,1,新媒股份
sz.300772,1,运达股份
sz.300774,1,倍杰特
sz.300776,1,帝尔激光
sz.300778,1,新城市
sz.300780,1,德恩精工
sz.300782,1,卓胜微
sz.300785,1,值得买
sz.300787,1,海能实业
sz.300789,1,唐源电气
sz.300791,1,仙乐健康
sz.300793,1,佳禾智能
sz.300796,1,贝斯美
sz.300798,1,锦鸡股份
sz.300800,1,力合科技
sz.300802,1,矩子科技
sz.300805,1,电声股份
sz.300807,1,天迈科技
sz.300809,1,华辰装备
sz.300811,1,铂科新材
sz.300813,1,泰林生物
sz.300815,1,玉禾田
sz.300817,1,双飞股份
sz.300819,1,聚杰微纤
sz.300821,1,东岳硅材
sz.300823,1,建科机械
sz.300825,1,阿尔特
sz.300827,1,上能电气
sz.300829,1,金丹科技
sz.300831,1,派瑞股份
sz.300833,1,浩洋股份
sz.300835,1,龙磁科技
sz.300837,1,浙矿股份
sz.300839,1,博汇股份
sz.300841,1,康华生物
sz.300843,1,胜蓝股份
sz.300845,1,捷安高科
sz.300847,1,中船汉光
sz.300849,1,锦盛新材
sz.300851,1,交大思诺
sz.300853,1,申昊科技
sz.300855,1,图南股份
sz.300857,1,协创数据
sz.300859,1,西域旅游
sz.300861,1,美畅股份
sz.300863,1,卡倍亿
sz.300865,1,大宏立
sz.300867,1,圣元环保
sz.300869,1,康泰医学
sz.300871,1,回盛生物
sz.300873,1,海晨股份
sz.300876,1,蒙泰高新
sz.300878,1,维康药业
sz.300880,1,迦南智能
sz.300882,1,万胜智能
sz.300884,1,狄耐克
sz.300886,1,华业香料
sz.300888,1,稳健医疗
sz.300890,1,翔丰华
sz.300892,1,品渥食品
sz.300894,1,火星人
sz.300896,1,爱美客
sz.300898,1,熊猫乳品
sz.300900,1,广联航空
sz.300902,1,国安达
sz.300905,1,宝丽迪
sz.300907,1,康平科技
sz.300909,1,汇创达
sz.300911,1,亿田智能
sz.300913,1,兆龙互连
sz.300916,1,朗特智能
sz.300918,1,南山智尚
sz.300920,1,润阳科技
sz.300922,1,天秦装备
sz.300925,1,法本信息
sz.300927,1,江天化学
sz.300929,1,华骐环保
sz.300931,1,通用电梯
sz.300933,1,中辰股份
sz.300936,1,中英科技
sz.300938,1,信测标准
sz.300940,1,南极光
sz.300942,1,易瑞生物
sz.300945,1,曼卡龙
sz.300947,1,德必集团
sz.300949,1,奥雅设计
sz.300951,1,博硕科技
sz.300953,1,震裕科技
sz.300956,1,英力股份
sz.300958,1,建工修复
sz.300960,1,通业科技
sz.300962,1,中金辐照
sz.300964,1,本川智能
sz.300966,1,共同药业
sz.300968,1,格林精密
sz.300970,1,华绿生物
sz.300972,1,万辰生物
sz.300975,1,商络电子
sz.300977,1,深圳瑞捷
sz.300979,1,华利集团
sz.300981,1,中红医疗
sz.300983,1,尤安设计
sz.300985,1,致远新能
sz.300987,1,川网传媒
sz.300989,1,蕾奥规划
sz.300991,1,创益通
sz.300993,1,玉马遮阳
sz.300995,1,奇德新材
sz.300997,1,欢乐家
sz.300999,1,金龙鱼
sz.301001,1,凯淳股份
sz.301003,1,江苏博云
sz.301005,1,超捷股份
sz.301007,1,德迈仕
sz.301009,1,可靠股份
sz.301011,1,华立科技
sz.301013,1,利和兴
sz.301016,1,雷尔伟
sz.301018,1,申菱环境
sz.301020,1,密封科技
sz.301022,1,海泰科
sz.301024,1,霍普股份
sz.301026,1,浩通科技
sz.301028,1,东亚机械
sz.301030,1,仕净科技
sz.301032,1,新柴股份
sz.301035,1,润丰股份
sz.301037,1,保立佳
sz.301039,1,中集车辆
sz.301041,1,金百泽
sz.301043,1,绿岛风
sz.301046,1,能辉科技
sz.301048,1,金鹰重工
sz.301050,1,雷电微力
sz.301052,1,果麦文化
sz.301055,1,张小泉
sz.301057,1,汇隆新材
sz.301059,1,金三江
sz.301061,1,匠心家居
sz.301063,1,海锅股份
sz.301066,1,万事利
sz.301068,1,大地海洋
sz.301070,1,开勒股份
sz.301072,1,中捷精工
sz.301075,1,多瑞医药
sz.301077,1,星华反光
sz.301079,1,邵阳液压
sz.301081,1,严牌股份
sz.301083,1,百胜智能
sz.301086,1,鸿富瀚
sz.301088,1,戎美股份
sz.301090,1,华润材料
sz.301092,1,争光股份
sz.301096,1,百诚医药
sz.301098,1,金埔园林
sz.301100,1,风光股份
sz.301102,1,兆讯传媒
sz.301106,1,骏成科技
sz.301108,1,洁雅股份
sz.301110,1,青木股份
sz.301112,1,
sz.301116,1,益客食品
sz.301118,1,恒光股份
sz.301120,1,新特电气
sz.301123,1,奕东电子
sz.301126,1,达嘉维康
sz.301128,1,强瑞技术
sz.301130,1,西点药业
sz.301133,1,金钟股份
sz.301136,1,招标股份
sz.301138,1,华研精机
sz.301149,1,隆华新材
sz.301151,1,冠龙节能
sz.301155,1,海力风电
sz.301159,1,三维天地
sz.301162,1,国能日新
sz.301166,1,优宁维
sz.301168,1,通灵股份
sz.301175,1,
sz.301178,1,天亿马
sz.301180,1,万祥科技
sz.301182,1,凯旺科技
sz.301185,1,鸥玛软件
sz.301187,1,欧圣电气
sz.301189,1,奥尼电子
sz.301191,1,菲菱科思
sz.301196,1,唯科科技
sz.301199,1,迈赫股份
sz.301201,1,诚达药业
sz.301207,1,华兰疫苗
sz.301212,1,联盛化学
sz.301215,1,中汽股份
sz.301217,1,铜冠铜箔
sz.301219,1,腾远钴业
sz.301222,1,浙江恒威
sz.301228,1,实朴检测
sz.301233,1,
sz.301236,1,软通动力
sz.301238,1,
sz.301256,1,华融化学
sz.301258,1,富士莱
sz.301263,1,泰恩康
sz.301268,1,铭利达
sz.301286,1,
sz.301289,1,
sz.301302,1,
